{"cameraMode":{"drawMode":0,"name":"Shaded","section":"Shading Mode"},"sceneLighting":false,"audioPlay":false,"sceneViewState":{"showFog":false,"showMaterialUpdate":false,"showSkybox":false,"showFlares":false,"showImageEffects":false,"showParticleSystems":false},"in2DMode":false,"pivot":{"x":-4.61695671081543,"y":-1.2589542865753174,"z":14.984663963317871},"rotation":{"x":-0.061522435396909717,"y":0.6936443448066711,"z":-0.059668004512786868,"w":-0.7152025103569031},"size":30.054340362548829,"orthographic":false}